{"meta": {"format": 2, "version": "7.4.4", "timestamp": "2025-10-26T18:34:57.980620", "branch_coverage": false, "show_contexts": false}, "files": {"src/pipeline/__init__.py": {"executed_lines": [1, 2, 3, 5], "summary": {"covered_lines": 3, "num_statements": 3, "percent_covered": 100.0, "percent_covered_display": "100", "missing_lines": 0, "excluded_lines": 0}, "missing_lines": [], "excluded_lines": []}, "src/pipeline/audio_pipeline.py": {"executed_lines": [1, 6, 8, 9, 10, 11, 12, 13, 14, 15, 17, 18, 19, 20, 21, 22, 23, 25, 28, 29, 36, 58, 114, 140, 169, 195, 230, 376, 392, 419, 447, 471, 482, 486, 491], "summary": {"covered_lines": 33, "num_statements": 255, "percent_covered": 12.941176470588236, "percent_covered_display": "13", "missing_lines": 222, "excluded_lines": 0}, "missing_lines": [45, 46, 47, 48, 51, 52, 54, 55, 56, 80, 81, 82, 85, 86, 87, 90, 91, 92, 95, 98, 102, 103, 105, 107, 108, 109, 112, 126, 127, 128, 130, 131, 133, 134, 135, 137, 138, 153, 155, 156, 162, 163, 164, 166, 167, 184, 186, 187, 188, 189, 190, 191, 192, 193, 210, 213, 214, 215, 222, 223, 224, 226, 227, 237, 239, 240, 242, 244, 246, 247, 248, 249, 250, 253, 254, 259, 260, 261, 262, 263, 264, 265, 266, 269, 270, 271, 272, 273, 276, 277, 281, 282, 283, 284, 285, 286, 288, 289, 292, 293, 294, 295, 296, 297, 300, 301, 306, 307, 312, 313, 314, 315, 316, 317, 319, 321, 322, 323, 325, 334, 336, 338, 339, 342, 345, 346, 347, 354, 357, 358, 360, 361, 362, 363, 364, 365, 366, 367, 368, 369, 372, 374, 378, 379, 380, 381, 382, 383, 386, 387, 388, 397, 399, 400, 402, 404, 407, 408, 410, 411, 414, 415, 416, 417, 421, 423, 426, 427, 430, 431, 435, 442, 443, 444, 445, 451, 452, 453, 454, 455, 456, 459, 460, 462, 463, 464, 467, 469, 473, 474, 475, 477, 478, 479, 480, 484, 488, 506, 507, 508, 511, 512, 513, 514, 519, 520, 523, 525, 532, 533, 542, 545, 552, 553, 554, 555, 558, 567, 568, 569, 570, 572], "excluded_lines": []}, "src/pipeline/simple_pipeline.py": {"executed_lines": [1, 9, 11, 12, 13, 14, 15, 16, 17, 19, 20, 21, 22, 23, 24, 25, 26, 28, 31], "summary": {"covered_lines": 18, "num_statements": 142, "percent_covered": 12.67605633802817, "percent_covered_display": "13", "missing_lines": 124, "excluded_lines": 0}, "missing_lines": [65, 66, 67, 70, 71, 74, 77, 85, 87, 92, 93, 95, 96, 98, 99, 101, 102, 104, 105, 111, 113, 114, 116, 117, 119, 120, 121, 122, 128, 129, 131, 132, 133, 134, 135, 140, 141, 143, 144, 145, 147, 148, 150, 152, 153, 160, 162, 163, 165, 167, 168, 169, 175, 176, 181, 183, 184, 186, 187, 188, 189, 191, 192, 197, 198, 199, 201, 202, 203, 205, 206, 207, 208, 214, 215, 218, 219, 220, 226, 227, 229, 231, 232, 233, 234, 241, 243, 244, 246, 247, 248, 249, 251, 256, 257, 258, 259, 260, 265, 266, 271, 272, 273, 275, 277, 279, 280, 282, 283, 286, 287, 288, 289, 290, 291, 292, 294, 298, 299, 300, 301, 302, 303, 304], "excluded_lines": []}}, "totals": {"covered_lines": 54, "num_statements": 400, "percent_covered": 13.5, "percent_covered_display": "14", "missing_lines": 346, "excluded_lines": 0}}